result_id,race_id,driver_id,constructor_id,number,grid,position,position_text,position_order,points,laps,time,milliseconds,fastest_lap,fastest_lap_time,status_id,rank
1,1061,830,9,33,2,1.0,1,1,3,17,1538.426,1538426.0,14.0,90.013,1.0,
2,1061,1,131,44,1,2.0,2,2,2,17,1.43,1539856.0,17.0,89.937,1.0,
3,1061,822,131,77,3,3.0,3,3,1,17,7.502,1545928.0,17.0,89.958,1.0,
4,1061,844,6,16,4,4.0,4,4,0,17,11.278,1549704.0,16.0,90.163,1.0,
5,1061,846,1,4,6,5.0,5,5,0,17,24.111,1562537.0,16.0,90.566,1.0,
6,1061,817,1,3,7,6.0,6,6,0,17,30.959,1569385.0,17.0,90.64,1.0,
7,1061,4,214,14,11,7.0,7,7,0,17,43.527,1581953.0,17.0,91.773,1.0,
8,1061,20,117,5,10,8.0,8,8,0,17,44.439,1582865.0,17.0,91.687,1.0,
9,1061,847,3,63,8,9.0,9,9,0,17,46.652,1585078.0,17.0,92.208,1.0,
10,1061,839,214,31,13,10.0,10,10,0,17,47.395,1585821.0,16.0,92.18299999999999,1.0,
11,1061,832,6,55,9,11.0,11,11,0,17,47.798,1586224.0,10.0,91.991,1.0,
12,1061,842,213,10,12,12.0,12,12,0,17,48.763,1587189.0,17.0,92.072,1.0,
13,1061,8,51,7,17,13.0,13,13,0,17,50.677,1589103.0,12.0,92.13900000000001,1.0,
14,1061,840,117,18,15,14.0,14,14,0,17,52.179,1590605.0,12.0,92.21000000000001,1.0,
15,1061,841,51,99,14,15.0,15,15,0,17,53.225,1591651.0,14.0,92.457,1.0,
16,1061,852,213,22,16,16.0,16,16,0,17,53.567,1591993.0,14.0,92.27000000000001,1.0,
17,1061,849,3,6,18,17.0,17,17,0,17,55.162,1593588.0,17.0,92.143,1.0,
18,1061,854,210,47,19,18.0,18,18,0,17,68.213,1606639.0,15.0,92.56700000000001,1.0,
19,1061,853,210,9,20,19.0,19,19,0,17,77.648,1616074.0,3.0,93.462,1.0,
20,1061,815,9,11,5,,R,20,0,16,,,6.0,91.465,76.0,
21,1065,822,131,77,1,1.0,1,1,3,18,1674.078,1674078.0,9.0,83.53999999999999,1.0,
22,1065,830,9,33,3,2.0,2,2,2,18,2.325,1676403.0,9.0,83.502,1.0,
23,1065,817,1,3,5,3.0,3,3,1,18,14.534,1688612.0,17.0,84.291,1.0,
24,1065,846,1,4,4,4.0,4,4,0,18,18.835,1692913.0,9.0,84.554,1.0,
25,1065,1,131,44,2,5.0,5,5,0,18,20.011,1694089.0,9.0,84.253,1.0,
26,1065,844,6,16,8,6.0,6,6,0,18,23.442,1697520.0,18.0,84.67699999999999,1.0,
27,1065,832,6,55,7,7.0,7,7,0,18,27.952,1702030.0,8.0,84.918,1.0,
28,1065,841,51,99,10,8.0,8,8,0,18,31.089,1705167.0,10.0,85.126,1.0,
29,1065,815,9,11,9,9.0,9,9,0,18,31.68,1705758.0,12.0,84.211,1.0,
30,1065,840,117,18,12,10.0,10,10,0,18,38.671,1712749.0,8.0,85.349,1.0,
31,1065,4,214,14,13,11.0,11,11,0,18,39.795,1713873.0,8.0,85.225,1.0,
32,1065,20,117,5,11,12.0,12,12,0,18,41.177,1715255.0,8.0,85.493,1.0,
33,1065,839,214,31,14,13.0,13,13,0,18,43.373,1717451.0,8.0,85.613,1.0,
34,1065,849,3,6,16,14.0,14,14,0,18,45.977,1720055.0,9.0,85.711,1.0,
35,1065,847,3,63,15,15.0,15,15,0,18,46.821,1720899.0,15.0,85.83500000000001,1.0,
36,1065,852,213,22,17,16.0,16,16,0,18,49.977,1724055.0,18.0,85.84700000000001,1.0,
37,1065,853,210,9,20,17.0,17,17,0,18,62.599000000000004,1736677.0,7.0,86.613,1.0,
38,1065,9,51,88,19,18.0,18,18,0,18,65.096,1739174.0,12.0,86.77199999999999,1.0,
39,1065,854,210,47,18,19.0,19,19,0,18,66.154,1740232.0,7.0,86.819,1.0,
40,1065,842,213,10,6,,R,20,0,0,,,,,3.0,
41,1071,822,131,77,2,1.0,1,1,3,24,1749.559,1749559.0,8.0,72.3,1.0,
42,1071,830,9,33,1,2.0,2,2,2,24,1.17,1750729.0,9.0,72.114,1.0,
43,1071,832,6,55,5,3.0,3,3,1,24,18.723,1768282.0,13.0,73.167,1.0,
44,1071,815,9,11,3,4.0,4,4,0,24,19.787,1769346.0,13.0,73.11,1.0,
45,1071,1,131,44,20,5.0,5,5,0,24,20.872,1770431.0,5.0,72.357,1.0,
46,1071,846,1,4,7,6.0,6,6,0,24,22.558,1772117.0,8.0,72.994,1.0,
47,1071,844,6,16,6,7.0,7,7,0,24,25.056,1774615.0,4.0,73.14,1.0,
48,1071,842,213,10,4,8.0,8,8,0,24,34.158,1783717.0,4.0,73.342,1.0,
49,1071,839,214,31,10,9.0,9,9,0,24,34.632,1784191.0,11.0,73.615,1.0,
50,1071,20,117,5,11,10.0,10,10,0,24,34.867,1784426.0,5.0,73.55799999999999,1.0,
51,1071,817,1,3,8,11.0,11,11,0,24,35.869,1785428.0,9.0,73.463,1.0,
52,1071,4,214,14,9,12.0,12,12,0,24,36.578,1786137.0,4.0,73.397,1.0,
53,1071,841,51,99,14,13.0,13,13,0,24,41.88,1791439.0,11.0,73.627,1.0,
54,1071,840,117,18,15,14.0,14,14,0,24,44.037,1793596.0,9.0,73.666,1.0,
55,1071,852,213,22,12,15.0,15,15,0,24,46.15,1795709.0,11.0,73.747,1.0,
56,1071,849,3,6,16,16.0,16,16,0,24,46.76,1796319.0,7.0,73.934,1.0,
57,1071,847,3,63,17,17.0,17,17,0,24,47.739,1797298.0,14.0,74.056,1.0,
58,1071,8,51,7,13,18.0,18,18,0,24,50.014,1799573.0,9.0,73.9,1.0,
59,1071,854,210,47,18,19.0,19,19,0,24,61.68,1811239.0,9.0,74.387,1.0,
60,1071,853,210,9,19,20.0,20,20,0,24,67.474,1817033.0,6.0,74.583,1.0,
61,1077,830,9,1,1,1.0,1,1,8,21,1839.567,1839567.0,14.0,79.154,1.0,
62,1077,844,6,16,2,2.0,2,2,7,21,2.975,1842542.0,11.0,79.044,1.0,
63,1077,815,9,11,7,3.0,3,3,6,21,4.721,1844288.0,14.0,79.012,1.0,
64,1077,832,6,55,10,4.0,4,4,5,21,17.578,1857145.0,14.0,79.251,1.0,
65,1077,846,1,4,3,5.0,5,5,4,21,24.561,1864128.0,9.0,80.03,1.0,
66,1077,817,1,3,6,6.0,6,6,3,21,27.74,1867307.0,12.0,80.328,1.0,
67,1077,822,51,77,8,7.0,7,7,2,21,28.133,1867700.0,9.0,80.219,1.0,
68,1077,825,210,20,4,8.0,8,8,1,21,30.712,1870279.0,6.0,80.557,1.0,
69,1077,4,214,14,5,9.0,9,9,0,21,32.278,1871845.0,10.0,80.639,1.0,
70,1077,854,210,47,12,10.0,10,10,0,21,33.773,1873340.0,15.0,80.56700000000001,1.0,
71,1077,847,131,63,11,11.0,11,11,0,21,36.284,1875851.0,19.0,80.756,1.0,
72,1077,852,213,22,16,12.0,12,12,0,21,38.298,1877865.0,20.0,80.90899999999999,1.0,
73,1077,20,117,5,9,13.0,13,13,0,21,40.177,1879744.0,8.0,81.044,1.0,
74,1077,1,131,44,13,14.0,14,14,0,21,41.459,1881026.0,9.0,80.663,1.0,
75,1077,840,117,18,15,15.0,15,15,0,21,42.91,1882477.0,14.0,80.94800000000001,1.0,
76,1077,839,214,31,19,16.0,16,16,0,21,43.517,1883084.0,14.0,80.995,1.0,
77,1077,842,213,10,17,17.0,17,17,0,21,43.794,1883361.0,18.0,80.599,1.0,
78,1077,848,3,23,20,18.0,18,18,0,21,48.871,1888438.0,14.0,81.02,1.0,
79,1077,849,3,6,18,19.0,19,19,0,21,52.017,1891584.0,16.0,81.437,1.0,
80,1077,855,51,24,0,,R,20,0,0,,,,,31.0,
81,1084,830,9,1,1,1.0,1,1,8,23,1590.059,1590059.0,5.0,68.455,1.0,
82,1084,844,6,16,2,2.0,2,2,7,23,1.675,1591734.0,4.0,68.321,1.0,
83,1084,832,6,55,3,3.0,3,3,6,23,5.644,1595703.0,4.0,68.409,1.0,
84,1084,847,131,63,4,4.0,4,4,5,23,13.429,1603488.0,4.0,68.979,1.0,
85,1084,815,9,11,13,5.0,5,5,4,23,18.302,1608361.0,14.0,69.137,1.0,
86,1084,839,214,31,5,6.0,6,6,3,23,31.032,1621091.0,4.0,69.384,1.0,
87,1084,825,210,20,6,7.0,7,7,2,23,34.539,1624598.0,4.0,69.232,1.0,
88,1084,1,131,44,9,8.0,8,8,1,23,35.447,1625506.0,7.0,69.516,1.0,
89,1084,854,210,47,7,9.0,9,9,0,23,37.163,1627222.0,4.0,69.457,1.0,
90,1084,822,51,77,12,10.0,10,10,0,23,37.557,1627616.0,4.0,69.674,1.0,
91,1084,846,1,4,15,11.0,11,11,0,23,38.58,1628639.0,8.0,69.909,1.0,
92,1084,817,1,3,16,12.0,12,12,0,23,39.738,1629797.0,8.0,69.996,1.0,
93,1084,840,117,18,17,13.0,13,13,0,23,48.241,1638300.0,4.0,70.295,1.0,
94,1084,855,51,24,18,14.0,14,14,0,23,50.753,1640812.0,11.0,70.16499999999999,1.0,
95,1084,842,213,10,10,15.0,15,15,0,23,52.125,1642184.0,4.0,70.409,1.0,
96,1084,848,3,23,11,16.0,16,16,0,23,52.412,1642471.0,5.0,70.367,1.0,
97,1084,852,213,22,14,17.0,17,17,0,23,54.556,1644615.0,4.0,70.267,1.0,
98,1084,849,3,6,19,18.0,18,18,0,23,68.694,1658753.0,4.0,70.284,1.0,
99,1084,20,117,5,20,19.0,19,19,0,21,,,4.0,70.31700000000001,130.0,
100,1084,4,214,14,8,,N,20,0,0,,,,,10.0,
101,1095,847,131,63,3,1.0,1,1,8,24,1811.307,1811307.0,4.0,74.233,1.0,
102,1095,832,6,55,5,2.0,2,2,7,24,3.995,1815302.0,2.0,74.522,1.0,
103,1095,1,131,44,8,3.0,3,3,6,24,4.492,1815799.0,3.0,74.31700000000001,1.0,
104,1095,830,9,1,2,4.0,4,4,5,24,10.494,1821801.0,5.0,74.507,1.0,
105,1095,815,9,11,9,5.0,5,5,4,24,11.855,1823162.0,5.0,74.699,1.0,
106,1095,844,6,16,10,6.0,6,6,3,24,13.133,1824440.0,4.0,75.236,1.0,
107,1095,846,1,4,4,7.0,7,7,2,24,25.624,1836931.0,4.0,75.38,1.0,
108,1095,825,210,20,1,8.0,8,8,1,24,28.768,1840075.0,2.0,75.11,1.0,
109,1095,20,117,5,13,9.0,9,9,0,24,30.218,1841525.0,4.0,75.451,1.0,
110,1095,842,213,10,12,10.0,10,10,0,24,34.17,1845477.0,3.0,75.28999999999999,1.0,
111,1095,817,1,3,14,11.0,11,11,0,24,39.395,1850702.0,5.0,75.385,1.0,
112,1095,854,210,47,20,12.0,12,12,0,24,41.159,1852466.0,5.0,75.771,1.0,
113,1095,855,51,24,17,13.0,13,13,0,24,41.763,1853070.0,7.0,75.765,1.0,
114,1095,822,51,77,18,14.0,14,14,0,24,42.338,1853645.0,8.0,75.98,1.0,
115,1095,852,213,22,19,15.0,15,15,0,24,50.306,1861613.0,4.0,76.413,1.0,
116,1095,840,117,18,15,16.0,16,16,0,24,50.7,1862007.0,4.0,75.425,1.0,
117,1095,839,214,31,6,17.0,17,17,0,24,51.756,1863063.0,5.0,76.09700000000001,1.0,
118,1095,4,214,14,7,18.0,18,18,0,24,53.985,1865292.0,5.0,74.764,1.0,
119,1095,849,3,6,16,19.0,19,19,0,24,76.85,1888157.0,4.0,76.525,1.0,
120,1095,848,3,23,11,,R,20,0,12,,,4.0,75.998,31.0,
121,1101,815,9,11,2,1.0,1,1,8,17,1997.667,1997667.0,11.0,103.616,1.0,
122,1101,844,6,16,1,2.0,2,2,7,17,4.463,2002130.0,12.0,103.646,1.0,
123,1101,830,9,1,3,3.0,3,3,6,17,5.065,2002732.0,10.0,103.723,1.0,
124,1101,847,131,63,4,4.0,4,4,5,17,3.467,2001134.0,10.0,104.40899999999999,1.0,
125,1101,832,6,55,5,5.0,5,5,4,17,10.388,2008055.0,11.0,104.398,1.0,
126,1101,4,117,14,8,6.0,6,6,3,17,11.613,2009280.0,12.0,104.544,1.0,
127,1101,1,131,44,6,7.0,7,7,2,17,4.89,2002557.0,8.0,104.601,1.0,
128,1101,840,117,18,9,8.0,8,8,1,17,18.417,2016084.0,14.0,104.85499999999999,1.0,
129,1101,848,3,23,7,9.0,9,9,0,17,21.757,2019424.0,10.0,104.91499999999999,1.0,
130,1101,857,1,81,11,10.0,10,10,0,17,22.851,2020518.0,8.0,104.77600000000001,1.0,
131,1101,825,210,20,13,11.0,11,11,0,17,27.99,2025657.0,14.0,105.34899999999999,1.0,
132,1101,855,51,24,14,12.0,12,12,0,17,34.602,2032269.0,16.0,105.76599999999999,1.0,
133,1101,842,214,10,17,13.0,13,13,0,17,36.918,2034585.0,12.0,105.88300000000001,1.0,
134,1101,856,213,21,18,14.0,14,14,0,17,41.626,2039293.0,17.0,105.768,1.0,
135,1101,807,210,27,12,15.0,15,15,0,17,48.587,2046254.0,8.0,105.971,1.0,
136,1101,822,51,77,15,16.0,16,16,0,17,49.917,2047584.0,9.0,106.277,1.0,
137,1101,846,1,4,10,17.0,17,17,0,17,51.104,2048771.0,15.0,104.48400000000001,1.0,
138,1101,839,214,31,0,18.0,18,18,0,17,60.621,2058288.0,15.0,105.09,1.0,
139,1101,852,213,22,16,,R,19,0,2,,,,,130.0,
140,1101,858,3,2,0,,W,20,0,0,,,,,3.0,
141,1107,830,9,1,1,1.0,1,1,8,24,1826.73,1826730.0,19.0,74.292,1.0,
142,1107,815,9,11,2,2.0,2,2,7,24,21.048,1847778.0,16.0,75.492,1.0,
143,1107,832,6,55,5,3.0,3,3,6,24,23.088,1849818.0,16.0,75.457,1.0,
144,1107,840,117,18,7,4.0,4,4,5,24,29.703,1856433.0,23.0,75.531,1.0,
145,1107,4,117,14,6,5.0,5,5,4,24,30.109,1856839.0,18.0,74.978,1.0,
146,1107,807,210,27,4,6.0,6,6,3,24,31.297,1858027.0,24.0,70.18,1.0,
147,1107,839,214,31,8,7.0,7,7,2,24,36.602,1863332.0,22.0,75.512,1.0,
148,1107,847,131,63,15,8.0,8,8,1,24,36.611,1863341.0,23.0,70.385,1.0,
149,1107,846,1,4,3,9.0,9,9,0,24,38.608,1865338.0,19.0,75.627,1.0,
150,1107,1,131,44,18,10.0,10,10,0,24,46.375,1873105.0,24.0,70.775,1.0,
151,1107,857,1,81,17,11.0,11,11,0,24,49.807,1876537.0,24.0,70.274,1.0,
152,1107,844,6,16,9,12.0,12,12,0,24,50.789,1877519.0,24.0,70.686,1.0,
153,1107,848,3,23,11,13.0,13,13,0,24,52.848,1879578.0,24.0,71.635,1.0,
154,1107,825,210,20,10,14.0,14,14,0,24,56.593,1883323.0,23.0,70.539,1.0,
155,1107,842,214,10,12,15.0,15,15,0,24,57.652,1884382.0,22.0,76.10900000000001,1.0,
156,1107,852,213,22,13,16.0,16,16,0,24,64.822,1891552.0,23.0,71.363,1.0,
157,1107,856,213,21,14,17.0,17,17,0,24,65.617,1892347.0,22.0,71.701,1.0,
158,1107,858,3,2,20,18.0,18,18,0,24,66.059,1892789.0,21.0,71.82900000000001,1.0,
159,1107,855,51,24,16,19.0,19,19,0,24,70.825,1897555.0,22.0,71.305,1.0,
160,1107,822,51,77,0,20.0,20,20,0,24,76.435,1903165.0,22.0,76.758,1.0,
161,1110,830,9,1,1,1.0,1,1,8,11,1498.433,1498433.0,6.0,118.943,1.0,
162,1110,857,1,81,2,2.0,2,2,7,11,6.677,1505110.0,2.0,120.36,1.0,
163,1110,842,214,10,6,3.0,3,3,6,11,10.733,1509166.0,6.0,121.857,1.0,
164,1110,832,6,55,3,4.0,4,4,5,11,12.648,1511081.0,7.0,121.472,1.0,
165,1110,844,6,16,4,5.0,5,5,4,11,15.016,1513449.0,7.0,122.635,1.0,
166,1110,846,1,4,5,6.0,6,6,3,11,16.052,1514485.0,8.0,122.085,1.0,
167,1110,1,131,44,7,7.0,7,7,2,11,16.757,1515190.0,7.0,120.92,1.0,
168,1110,847,131,63,10,8.0,8,8,1,11,16.822,1515255.0,10.0,121.935,1.0,
169,1110,839,214,31,9,9.0,9,9,0,11,22.41,1520843.0,6.0,123.061,1.0,
170,1110,817,213,3,11,10.0,10,10,0,11,22.806,1521239.0,8.0,122.967,1.0,
171,1110,840,117,18,14,11.0,11,11,0,11,25.007,1523440.0,6.0,123.356,1.0,
172,1110,848,3,23,12,12.0,12,12,0,11,26.303,1524736.0,6.0,123.674,1.0,
173,1110,822,51,77,17,13.0,13,13,0,11,27.006,1525439.0,6.0,123.595,1.0,
174,1110,825,210,20,18,14.0,14,14,0,11,32.986,1531419.0,6.0,123.965,1.0,
175,1110,855,51,24,19,15.0,15,15,0,11,36.342,1534775.0,6.0,124.76,1.0,
176,1110,858,3,2,13,16.0,16,16,0,11,37.571,1536004.0,6.0,123.482,1.0,
177,1110,807,210,27,20,17.0,17,17,0,11,37.827,1536260.0,6.0,123.472,1.0,
178,1110,852,213,22,16,18.0,18,18,0,11,39.267,1537700.0,7.0,122.08,1.0,
179,1110,815,9,11,8,,R,19,0,8,,,2.0,122.516,130.0,
180,1110,4,117,14,15,,R,20,0,2,,,,,3.0,
181,1115,857,1,81,1,1.0,1,1,8,19,2101.297,2101297.0,17.0,85.926,1.0,
182,1115,830,9,1,3,2.0,2,2,7,19,1.871,2103168.0,17.0,85.604,1.0,
183,1115,846,1,4,2,3.0,3,3,6,19,8.497,2109794.0,19.0,85.662,1.0,
184,1115,847,131,63,4,4.0,4,4,5,19,11.036,2112333.0,18.0,87.22,1.0,
185,1115,1,131,44,12,5.0,5,5,4,19,17.314,2118611.0,19.0,87.968,1.0,
186,1115,832,6,55,5,6.0,6,6,3,19,18.806,2120103.0,7.0,88.644,1.0,
187,1115,848,3,23,17,7.0,7,7,2,19,19.864,2121161.0,16.0,88.717,1.0,
188,1115,4,117,14,9,8.0,8,8,1,19,21.18,2122477.0,16.0,88.717,1.0,
189,1115,842,214,10,11,9.0,9,9,0,19,21.742,2123039.0,16.0,88.769,1.0,
190,1115,822,51,77,13,10.0,10,10,0,19,22.208,2123505.0,17.0,89.017,1.0,
191,1115,852,213,22,18,11.0,11,11,0,19,22.863,2124160.0,17.0,89.381,1.0,
192,1115,844,6,16,6,12.0,12,12,0,19,24.86,2126157.0,8.0,88.759,1.0,
193,1115,840,117,18,16,13.0,13,13,0,19,24.523,2125820.0,17.0,89.536,1.0,
194,1115,825,210,20,19,14.0,14,14,0,19,24.97,2126267.0,17.0,89.56,1.0,
195,1115,855,51,24,15,15.0,15,15,0,19,26.868,2128165.0,17.0,89.553,1.0,
196,1115,807,210,27,7,,R,16,0,11,,,9.0,89.307,31.0,
197,1115,839,214,31,10,,R,17,0,10,,,8.0,89.388,31.0,
198,1115,815,9,11,8,,R,18,0,10,,,9.0,88.584,31.0,
199,1115,858,3,2,20,,R,19,0,2,,,2.0,123.562,31.0,
200,1115,859,213,40,14,,R,20,0,0,,,,,31.0,
201,1116,830,9,1,1,1.0,1,1,8,19,1890.849,1890849.0,2.0,99.06,1.0,
202,1116,1,131,44,3,2.0,2,2,7,19,9.465,1900314.0,3.0,99.138,1.0,
203,1116,844,6,16,2,3.0,3,3,6,19,17.987,1908836.0,3.0,99.634,1.0,
204,1116,846,1,4,4,4.0,4,4,5,19,18.863,1909712.0,15.0,99.795,1.0,
205,1116,815,9,11,7,5.0,5,5,4,19,22.928,1913777.0,6.0,99.824,1.0,
206,1116,832,6,55,6,6.0,6,6,3,19,28.307,1919156.0,5.0,100.223,1.0,
207,1116,842,214,10,9,7.0,7,7,2,19,32.403,1923252.0,5.0,100.155,1.0,
208,1116,847,131,63,11,8.0,8,8,1,19,34.25,1925099.0,10.0,100.253,1.0,
209,1116,848,3,23,8,9.0,9,9,0,19,34.567,1925416.0,17.0,100.094,1.0,
210,1116,857,1,81,5,10.0,10,10,0,19,42.403,1933252.0,16.0,101.037,1.0,
211,1116,839,214,31,13,11.0,11,11,0,19,44.986,1935835.0,15.0,101.013,1.0,
212,1116,817,213,3,10,12.0,12,12,0,19,45.509,1936358.0,14.0,100.434,1.0,
213,1116,4,117,14,12,13.0,13,13,0,19,49.086,1939935.0,16.0,100.805,1.0,
214,1116,852,213,22,19,14.0,14,14,0,19,49.733,1940582.0,17.0,100.632,1.0,
215,1116,807,210,27,16,15.0,15,15,0,19,56.65,1947499.0,18.0,101.232,1.0,
216,1116,822,51,77,18,16.0,16,16,0,19,64.401,1955250.0,18.0,101.503,1.0,
217,1116,855,51,24,15,17.0,17,17,0,19,67.972,1958821.0,18.0,101.595,1.0,
218,1116,825,210,20,17,18.0,18,18,0,19,71.122,1961971.0,3.0,101.699,1.0,
219,1116,858,3,2,20,19.0,19,19,0,19,71.449,1962298.0,6.0,101.947,1.0,
220,1116,840,117,18,14,,R,20,0,16,,,5.0,101.46000000000001,23.0,
221,1118,830,9,1,2,1.0,1,1,8,24,1807.209,1807209.0,3.0,74.53999999999999,1.0,
222,1118,846,1,4,1,2.0,2,2,7,24,4.287,1811496.0,3.0,74.647,1.0,
223,1118,815,9,11,3,3.0,3,3,6,24,13.617,1820826.0,2.0,75.008,1.0,
224,1118,847,131,63,4,4.0,4,4,5,24,25.879,1833088.0,2.0,74.422,1.0,
225,1118,844,6,16,7,5.0,5,5,4,24,28.56,1835769.0,3.0,75.411,1.0,
226,1118,852,213,22,6,6.0,6,6,3,24,29.21,1836419.0,2.0,75.532,1.0,
227,1118,1,131,44,5,7.0,7,7,2,24,34.726,1841935.0,2.0,75.276,1.0,
228,1118,832,6,55,9,8.0,8,8,1,24,35.106,1842315.0,3.0,75.362,1.0,
229,1118,817,213,3,8,9.0,9,9,0,24,35.303,1842512.0,2.0,75.46000000000001,1.0,
230,1118,857,1,81,10,10.0,10,10,0,24,38.219,1845428.0,2.0,75.463,1.0,
231,1118,4,117,14,15,11.0,11,11,0,24,39.061,1846270.0,4.0,75.477,1.0,
232,1118,840,117,18,17,12.0,12,12,0,24,39.478,1846687.0,3.0,75.467,1.0,
233,1118,842,214,10,13,13.0,13,13,0,24,40.621,1847830.0,3.0,75.209,1.0,
234,1118,839,214,31,16,14.0,14,14,0,24,42.848,1850057.0,3.0,75.536,1.0,
235,1118,848,3,23,19,15.0,15,15,0,24,43.394,1850603.0,3.0,75.598,1.0,
236,1118,825,210,20,11,16.0,16,16,0,24,56.507,1863716.0,3.0,75.464,1.0,
237,1118,855,51,24,18,17.0,17,17,0,24,58.723,1865932.0,3.0,75.837,1.0,
238,1118,807,210,27,12,18.0,18,18,0,24,60.33,1867539.0,3.0,75.472,1.0,
239,1118,822,51,77,14,19.0,19,19,0,24,60.749,1867958.0,3.0,75.738,1.0,
240,1118,858,3,2,20,20.0,20,20,0,24,60.945,1868154.0,4.0,75.496,1.0,
241,1125,830,9,1,4,1.0,1,1,8,19,1924.66,1924660.0,3.0,100.331,1.0,
242,1125,1,131,44,2,2.0,2,2,7,19,13.043,1937703.0,3.0,100.42,1.0,
243,1125,815,9,11,6,3.0,3,3,6,19,15.258,1939918.0,4.0,101.065,1.0,
244,1125,844,6,16,7,4.0,4,4,5,19,17.486,1942146.0,4.0,101.003,1.0,
245,1125,832,6,55,5,5.0,5,5,4,19,20.696,1945356.0,4.0,100.962,1.0,
246,1125,846,1,4,1,6.0,6,6,3,19,22.088,1946748.0,4.0,100.951,1.0,
247,1125,857,1,81,8,7.0,7,7,2,19,24.713,1949373.0,3.0,101.107,1.0,
248,1125,847,131,63,11,8.0,8,8,1,19,25.696,1950356.0,5.0,101.505,1.0,
249,1125,855,15,24,10,9.0,9,9,0,19,31.951,1956611.0,4.0,101.50200000000001,1.0,
250,1125,825,210,20,12,10.0,10,10,0,19,37.398,1962058.0,5.0,102.092,1.0,
251,1125,817,215,3,14,11.0,11,11,0,19,37.84,1962500.0,6.0,102.23400000000001,1.0,
252,1125,822,15,77,9,12.0,12,12,0,19,38.295,1962955.0,6.0,102.14,1.0,
253,1125,839,214,31,17,13.0,13,13,0,19,39.841,1964501.0,4.0,102.191,1.0,
254,1125,840,117,18,15,14.0,14,14,0,19,40.299,1964959.0,5.0,102.25800000000001,1.0,
255,1125,842,214,10,16,15.0,15,15,0,19,40.838,1965498.0,4.0,102.017,1.0,
256,1125,852,215,22,19,16.0,16,16,0,19,41.87,1966530.0,4.0,102.056,1.0,
257,1125,848,3,23,18,17.0,17,17,0,19,42.998,1967658.0,8.0,102.38900000000001,1.0,
258,1125,858,3,2,20,18.0,18,18,0,19,46.352,1971012.0,7.0,102.51599999999999,1.0,
259,1125,807,210,27,13,19.0,19,19,0,19,49.63,1974290.0,5.0,102.315,1.0,
260,1125,4,117,14,3,20.0,20,20,0,17,,,3.0,100.537,31.0,
261,1126,830,9,1,1,1.0,1,1,8,19,1891.383,1891383.0,4.0,90.41499999999999,1.0,
262,1126,844,6,16,2,2.0,2,2,7,19,3.371,1894754.0,4.0,90.807,1.0,
263,1126,815,9,11,3,3.0,3,3,6,19,5.095,1896478.0,19.0,90.92099999999999,1.0,
264,1126,817,215,3,4,4.0,4,4,5,19,14.971,1906354.0,4.0,91.505,1.0,
265,1126,832,6,55,5,5.0,5,5,4,19,15.222,1906605.0,17.0,91.568,1.0,
266,1126,857,1,81,6,6.0,6,6,3,19,15.75,1907133.0,19.0,91.393,1.0,
267,1126,807,210,27,10,7.0,7,7,2,19,22.054,1913437.0,8.0,91.963,1.0,
268,1126,852,215,22,15,8.0,8,8,1,19,29.816,1921199.0,16.0,91.844,1.0,
269,1126,842,214,10,16,9.0,9,9,0,19,31.88,1923263.0,6.0,92.148,1.0,
270,1126,858,3,2,18,10.0,10,10,0,19,34.355,1925738.0,6.0,92.19200000000001,1.0,
271,1126,855,15,24,17,11.0,11,11,0,19,35.078,1926461.0,7.0,92.131,1.0,
272,1126,847,131,63,11,12.0,12,12,0,19,35.755,1927138.0,8.0,92.173,1.0,
273,1126,848,3,23,20,13.0,13,13,0,19,36.086,1927469.0,6.0,92.223,1.0,
274,1126,822,15,77,19,14.0,14,14,0,19,36.892,1928275.0,7.0,92.462,1.0,
275,1126,839,214,31,13,15.0,15,15,0,19,37.74,1929123.0,19.0,92.218,1.0,
276,1126,1,131,44,12,16.0,16,16,0,19,49.347,1940730.0,16.0,91.83,1.0,
277,1126,4,117,14,8,17.0,17,17,0,19,59.409,1950792.0,7.0,92.35499999999999,1.0,
278,1126,825,210,20,14,18.0,18,18,0,19,66.303,1957686.0,5.0,92.113,1.0,
279,1126,840,117,18,7,19.0,19,19,0,1,,,,,31.0,
280,1126,846,1,4,9,20.0,20,20,0,0,,,,,31.0,
281,1131,830,9,1,1,1.0,1,1,8,23,1601.389,1601389.0,8.0,69.013,1.0,
282,1131,857,1,81,3,2.0,2,2,7,23,4.616,1606005.0,2.0,68.98,1.0,
283,1131,846,1,4,2,3.0,3,3,6,23,5.348,1606737.0,2.0,68.935,1.0,
284,1131,847,131,63,4,4.0,4,4,5,23,8.354,1609743.0,4.0,69.194,1.0,
285,1131,832,6,55,5,5.0,5,5,4,23,9.989,1611378.0,4.0,69.121,1.0,
286,1131,1,131,44,6,6.0,6,6,3,23,11.207,1612596.0,5.0,69.265,1.0,
287,1131,844,6,16,10,7.0,7,7,2,23,13.424,1614813.0,5.0,69.352,1.0,
288,1131,815,9,11,7,8.0,8,8,1,23,17.409,1618798.0,4.0,69.42,1.0,
289,1131,825,210,20,11,9.0,9,9,0,23,24.067,1625456.0,13.0,69.94200000000001,1.0,
290,1131,840,117,18,12,10.0,10,10,0,23,30.175,1631564.0,11.0,70.26,1.0,
291,1131,839,214,31,8,11.0,11,11,0,23,30.839,1632228.0,9.0,70.254,1.0,
292,1131,842,214,10,9,12.0,12,12,0,23,31.308,1632697.0,10.0,70.168,1.0,
293,1131,852,215,22,14,13.0,13,13,0,23,35.452,1636841.0,5.0,70.363,1.0,
294,1131,817,215,3,16,14.0,14,14,0,23,39.397,1640786.0,5.0,70.48,1.0,
295,1131,4,117,14,13,15.0,15,15,0,23,43.155,1644544.0,5.0,70.393,1.0,
296,1131,858,3,2,15,16.0,16,16,0,23,44.076,1645465.0,6.0,70.488,1.0,
297,1131,848,3,23,0,17.0,17,17,0,23,44.673,1646062.0,8.0,70.562,1.0,
298,1131,822,15,77,18,18.0,18,18,0,23,46.511,1647900.0,8.0,70.59,1.0,
299,1131,807,210,27,17,19.0,19,19,0,23,48.423,1649812.0,4.0,70.512,1.0,
300,1131,855,15,24,19,20.0,20,20,0,23,53.143,1654532.0,6.0,70.613,1.0,
301,1139,830,9,1,1,1.0,1,1,8,19,1866.146,1866146.0,19.0,97.463,1.0,
302,1139,832,6,55,5,2.0,2,2,7,19,3.882,1870028.0,19.0,97.55199999999999,1.0,
303,1139,846,1,4,4,3.0,3,3,6,19,6.24,1872386.0,17.0,98.045,1.0,
304,1139,844,6,16,3,4.0,4,4,5,19,6.956,1873102.0,11.0,97.74799999999999,1.0,
305,1139,847,131,63,2,5.0,5,5,4,19,15.766,1881912.0,4.0,98.301,1.0,
306,1139,1,131,44,7,6.0,6,6,3,19,18.724,1884870.0,17.0,98.372,1.0,
307,1139,825,210,20,8,7.0,7,7,2,19,25.161,1891307.0,6.0,98.602,1.0,
308,1139,807,210,27,6,8.0,8,8,1,19,26.588,1892734.0,16.0,98.74600000000001,1.0,
309,1139,815,9,11,11,9.0,9,9,0,19,29.95,1896096.0,19.0,98.452,1.0,
310,1139,857,1,81,16,10.0,10,10,0,19,37.059,1903205.0,19.0,97.56700000000001,1.0,
311,1139,852,215,22,9,11.0,11,11,0,19,38.363,1904509.0,19.0,99.136,1.0,
312,1139,861,3,43,10,12.0,12,12,0,19,39.46,1905606.0,19.0,99.33500000000001,1.0,
313,1139,840,117,18,13,13.0,13,13,0,19,41.236,1907382.0,19.0,99.532,1.0,
314,1139,842,214,10,12,14.0,14,14,0,19,41.995,1908141.0,19.0,99.438,1.0,
315,1139,839,214,31,17,15.0,15,15,0,19,42.804,1908950.0,7.0,98.83500000000001,1.0,
316,1139,859,215,30,15,16.0,16,16,0,19,44.008,1910154.0,7.0,99.237,1.0,
317,1139,848,3,23,0,17.0,17,17,0,19,44.564,1910710.0,17.0,99.19800000000001,1.0,
318,1139,4,117,14,14,18.0,18,18,0,19,46.807,1912953.0,18.0,99.25,1.0,
319,1139,855,15,24,19,19.0,19,19,0,19,52.842,1918988.0,17.0,99.705,1.0,
320,1139,822,15,77,18,20.0,20,20,0,19,54.476,1920622.0,16.0,99.642,1.0,
321,1141,846,1,4,2,1.0,1,1,8,24,1786.045,1786045.0,15.0,71.917,1.0,
322,1141,857,1,81,1,2.0,2,2,7,24,0.593,1786638.0,17.0,71.783,1.0,
323,1141,844,6,16,3,3.0,3,3,6,24,5.656,1791701.0,3.0,71.914,1.0,
324,1141,830,9,1,4,4.0,4,4,5,24,6.497,1792542.0,18.0,71.852,1.0,
325,1141,832,6,55,5,5.0,5,5,4,24,7.224,1793269.0,17.0,71.975,1.0,
326,1141,847,131,63,6,6.0,6,6,3,24,12.475,1798520.0,12.0,72.142,1.0,
327,1141,842,214,10,7,7.0,7,7,2,24,18.161,1804206.0,19.0,72.4,1.0,
328,1141,815,9,11,13,8.0,8,8,1,24,18.717,1804762.0,24.0,71.678,1.0,
329,1141,859,215,30,8,9.0,9,9,0,24,20.773,1806818.0,18.0,72.596,1.0,
330,1141,848,3,23,9,10.0,10,10,0,24,24.606,1810651.0,24.0,71.69200000000001,1.0,
331,1141,1,131,44,11,11.0,11,11,0,24,29.764,1815809.0,21.0,72.54599999999999,1.0,
332,1141,861,3,43,14,12.0,12,12,0,24,33.233,1819278.0,15.0,72.701,1.0,
333,1141,839,214,31,16,13.0,13,13,0,24,34.128,1820173.0,16.0,72.882,1.0,
334,1141,860,210,50,10,14.0,14,14,0,24,35.507,1821552.0,4.0,72.974,1.0,
335,1141,852,215,22,17,15.0,15,15,0,24,41.374,1827419.0,14.0,72.838,1.0,
336,1141,822,15,77,15,16.0,16,16,0,24,43.231,1829276.0,24.0,72.69800000000001,1.0,
337,1141,855,15,24,0,17.0,17,17,0,24,54.139,1840184.0,3.0,73.559,1.0,
338,1141,4,117,14,0,18.0,18,18,0,24,56.537,1842582.0,16.0,73.111,1.0,
339,1141,840,117,18,0,19.0,19,19,0,24,57.983,1844028.0,3.0,73.56,1.0,
340,1141,807,210,27,12,20.0,20,20,0,19,,,16.0,72.879,43.0,
341,1143,857,1,81,3,1.0,1,1,8,19,1623.01,1623010.0,17.0,84.494,1.0,
342,1143,846,1,4,1,2.0,2,2,7,19,0.136,1623146.0,13.0,84.32900000000001,1.0,
343,1143,847,131,63,2,3.0,3,3,6,19,0.41,1623420.0,18.0,84.38,1.0,
344,1143,832,6,55,4,4.0,4,4,5,19,1.326,1624336.0,16.0,84.405,1.0,
345,1143,844,6,16,5,5.0,5,5,4,19,5.073,1628083.0,18.0,83.923,1.0,
346,1143,1,131,44,7,6.0,6,6,3,19,5.65,1628660.0,18.0,84.337,1.0,
347,1143,807,210,27,9,7.0,7,7,2,19,8.508,1631518.0,18.0,84.28399999999999,1.0,
348,1143,830,9,1,6,8.0,8,8,1,19,10.368,1633378.0,18.0,84.577,1.0,
349,1143,842,214,10,8,9.0,9,9,0,19,14.513,1637523.0,19.0,84.93,1.0,
350,1143,825,210,20,15,10.0,10,10,0,19,15.485,1638495.0,18.0,84.568,1.0,
351,1143,4,117,14,11,11.0,11,11,0,19,19.204,1642214.0,19.0,84.281,1.0,
352,1143,822,15,77,13,12.0,12,12,0,19,23.351,1646361.0,12.0,85.447,1.0,
353,1143,840,117,18,14,13.0,13,13,0,19,24.421,1647431.0,18.0,85.369,1.0,
354,1143,839,214,31,17,14.0,14,14,0,19,30.379,1653389.0,19.0,85.598,1.0,
355,1143,848,3,23,12,15.0,15,15,0,19,33.062,1656072.0,18.0,85.443,1.0,
356,1143,859,215,30,10,16.0,16,16,0,19,34.356,1657366.0,18.0,85.762,1.0,
357,1143,852,215,22,16,17.0,17,17,0,19,35.102,1658112.0,17.0,85.838,1.0,
358,1143,861,3,43,0,18.0,18,18,0,19,35.639,1658649.0,18.0,85.599,1.0,
359,1143,855,15,24,18,19.0,19,19,0,19,71.436,1694446.0,19.0,85.051,1.0,
360,1143,815,9,11,0,20.0,20,20,0,19,74.371,1697381.0,18.0,84.892,1.0,
361,1146,1,6,44,1,1.0,1,1,8,19,1839.965,1839965.0,2.0,95.399,1.0,1.0
362,1146,857,1,81,3,2.0,2,2,7,19,6.889,1846854.0,7.0,95.854,1.0,4.0
363,1146,830,9,1,2,3.0,3,3,6,19,9.804,1849769.0,2.0,95.745,1.0,2.0
364,1146,847,131,63,5,4.0,4,4,5,19,11.592,1851557.0,4.0,95.89099999999999,1.0,5.0
365,1146,844,6,16,4,5.0,5,5,4,19,12.19,1852155.0,4.0,96.255,1.0,6.0
366,1146,852,215,22,8,6.0,6,6,3,19,22.288,1862253.0,4.0,96.388,1.0,8.0
367,1146,863,131,12,7,7.0,7,7,2,19,23.038,1863003.0,5.0,96.311,1.0,7.0
368,1146,846,1,4,6,8.0,8,8,1,19,23.471,1863436.0,4.0,96.708,1.0,11.0
369,1146,840,117,18,10,9.0,9,9,0,19,24.916,1864881.0,4.0,96.435,1.0,9.0
370,1146,4,117,14,11,10.0,10,10,0,19,38.218,1878183.0,8.0,97.05799999999999,1.0,12.0
371,1146,848,3,23,9,11.0,11,11,0,19,39.292,1879257.0,7.0,97.344,1.0,15.0
372,1146,842,214,10,17,12.0,12,12,0,19,39.649,1879614.0,3.0,97.481,1.0,17.0
373,1146,865,215,6,15,13.0,13,13,0,19,42.4,1882365.0,3.0,97.549,1.0,18.0
374,1146,859,9,30,19,14.0,14,14,0,19,44.904,1884869.0,4.0,97.163,1.0,14.0
375,1146,860,210,87,12,15.0,15,15,0,19,45.649,1885614.0,3.0,97.13499999999999,1.0,13.0
376,1146,839,210,31,18,16.0,16,16,0,19,46.182,1886147.0,3.0,97.554,1.0,19.0
377,1146,832,3,55,13,17.0,17,17,0,19,51.376,1891341.0,13.0,95.819,1.0,3.0
378,1146,864,15,5,14,18.0,18,18,0,19,53.94,1893905.0,3.0,97.475,1.0,16.0
379,1146,807,15,27,20,19.0,19,19,0,19,56.682,1896647.0,4.0,96.529,1.0,10.0
380,1146,862,214,7,16,20.0,20,20,0,19,70.212,1910177.0,3.0,97.686,1.0,20.0
381,1150,846,1,4,3,1.0,1,1,8,18,2197.647,2197647.0,4.0,100.334,1.0,5.0
382,1150,857,1,81,2,2.0,2,2,7,18,0.672,2198319.0,7.0,100.238,1.0,4.0
383,1150,1,6,44,7,3.0,3,3,6,18,1.073,2198720.0,13.0,96.368,1.0,1.0
384,1150,847,131,63,5,4.0,4,4,5,18,3.127,2200774.0,6.0,100.963,1.0,7.0
385,1150,840,117,18,16,5.0,5,5,4,18,3.412,2201059.0,13.0,96.839,1.0,2.0
386,1150,852,9,22,20,6.0,6,6,3,18,5.153,2202800.0,13.0,98.078,1.0,3.0
387,1150,863,131,12,1,7.0,7,7,2,18,5.635,2203282.0,6.0,101.012,1.0,8.0
388,1150,842,214,10,13,8.0,8,8,1,18,5.973,2203620.0,7.0,102.694,1.0,16.0
389,1150,807,15,27,11,9.0,9,9,0,18,6.153,2203800.0,5.0,102.87100000000001,1.0,17.0
390,1150,865,215,6,9,10.0,10,10,0,18,7.502,2205149.0,6.0,102.25999999999999,1.0,13.0
391,1150,848,3,23,8,11.0,11,11,0,18,7.522,2205169.0,7.0,101.699,1.0,9.0
392,1150,839,210,31,12,12.0,12,12,0,18,8.998,2206645.0,6.0,102.55,1.0,14.0
393,1150,859,215,30,14,13.0,13,13,0,18,9.024,2206671.0,7.0,101.922,1.0,11.0
394,1150,860,210,87,19,14.0,14,14,0,18,9.218,2206865.0,5.0,102.237,1.0,12.0
395,1150,864,15,5,18,15.0,15,15,0,18,9.675,2207322.0,6.0,102.989,1.0,18.0
396,1150,862,214,7,17,16.0,16,16,0,18,9.909,2207556.0,7.0,103.076,1.0,19.0
397,1150,830,9,1,4,17.0,17,17,0,18,12.059,2209706.0,5.0,100.697,1.0,6.0
398,1150,4,117,14,10,18.0,R,18,0,13,,,7.0,101.782,31.0,10.0
399,1150,832,3,55,15,19.0,R,19,0,12,,,5.0,102.638,31.0,15.0
400,1150,844,6,16,6,20.0,R,20,0,0,,,,,31.0,
401,1157,830,9,1,2,1.0,1,1,8,15,1597.997,1597997.0,6.0,106.05199999999999,1.0,2.0
402,1157,857,1,81,1,2.0,2,2,7,15,0.753,1598750.0,6.0,106.061,1.0,3.0
403,1157,846,1,4,3,3.0,3,3,6,15,1.414,1599411.0,6.0,105.914,1.0,1.0
404,1157,844,6,16,4,4.0,4,4,5,15,10.176,1608173.0,2.0,106.343,1.0,4.0
405,1157,839,210,31,5,5.0,5,5,4,15,13.789,1611786.0,2.0,106.77199999999999,1.0,7.0
406,1157,832,3,55,6,6.0,6,6,3,15,14.964,1612961.0,7.0,106.77000000000001,1.0,6.0
407,1157,860,210,87,7,7.0,7,7,2,15,18.61,1616607.0,2.0,107.038,1.0,9.0
408,1157,865,215,6,9,8.0,8,8,1,15,19.119,1617116.0,2.0,106.973,1.0,8.0
409,1157,864,15,5,10,9.0,9,9,0,15,22.183,1620180.0,2.0,107.086,1.0,10.0
410,1157,859,215,30,11,10.0,10,10,0,15,22.897,1620894.0,2.0,107.249,1.0,12.0
411,1157,852,9,22,12,11.0,11,11,0,15,24.551,1622548.0,4.0,107.326,1.0,15.0
412,1157,847,131,63,13,12.0,12,12,0,15,25.969,1623966.0,4.0,107.27799999999999,1.0,13.0
413,1157,840,117,18,15,13.0,13,13,0,15,26.595,1624592.0,5.0,107.307,1.0,14.0
414,1157,4,117,14,14,14.0,14,14,0,15,29.046,1627043.0,5.0,107.444,1.0,17.0
415,1157,1,6,44,18,15.0,15,15,0,15,30.175,1628172.0,4.0,107.201,1.0,11.0
416,1157,848,3,23,16,16.0,16,16,0,15,30.941,1628938.0,6.0,107.419,1.0,16.0
417,1157,863,131,12,19,17.0,17,17,0,15,31.981,1629978.0,5.0,106.69800000000001,1.0,5.0
418,1157,807,15,27,17,18.0,18,18,0,15,32.867,1630864.0,8.0,107.575,1.0,18.0
419,1157,861,214,43,20,19.0,19,19,0,15,38.072,1636069.0,15.0,107.944,1.0,20.0
420,1157,842,214,10,8,20.0,R,20,0,12,,,6.0,107.65100000000001,31.0,19.0
421,1163,830,9,1,1,1.0,1,1,8,19,2278.229,2278229.0,7.0,96.527,1.0,1.0
422,1163,847,131,63,5,2.0,2,2,7,19,0.395,2278624.0,6.0,96.876,1.0,2.0
423,1163,832,3,55,7,3.0,3,3,6,19,0.791,2279020.0,6.0,97.50999999999999,1.0,5.0
424,1163,1,6,44,8,4.0,4,4,5,19,1.224,2279453.0,10.0,97.096,1.0,3.0
425,1163,844,6,16,10,5.0,5,5,4,19,1.825,2280054.0,7.0,97.39099999999999,1.0,4.0
426,1163,848,3,23,9,6.0,6,6,3,19,2.576,2280805.0,7.0,98.22,1.0,7.0
427,1163,852,9,22,18,7.0,7,7,2,19,2.976,2281205.0,15.0,98.268,1.0,8.0
428,1163,863,131,12,11,8.0,8,8,1,19,4.147,2282376.0,8.0,97.75800000000001,1.0,6.0
429,1163,859,215,30,15,9.0,9,9,0,19,4.804,2283033.0,10.0,98.654,1.0,10.0
430,1163,842,214,10,13,10.0,10,10,0,19,5.126,2283355.0,7.0,98.932,1.0,13.0
431,1163,864,15,5,20,11.0,11,11,0,19,5.649,2283878.0,8.0,99.006,1.0,14.0
432,1163,865,215,6,12,12.0,12,12,0,19,6.228,2284457.0,8.0,99.057,1.0,15.0
433,1163,807,15,27,4,13.0,13,13,0,19,6.624,2284853.0,14.0,99.069,1.0,16.0
434,1163,861,214,43,17,14.0,14,14,0,19,8.006,2286235.0,10.0,99.235,1.0,17.0
435,1163,860,210,87,16,15.0,15,15,0,19,13.576,2291805.0,8.0,98.435,1.0,9.0
436,1163,839,210,31,19,16.0,R,16,0,15,,,7.0,98.701,31.0,11.0
437,1163,840,117,18,14,17.0,R,17,0,15,,,8.0,98.76599999999999,31.0,12.0
438,1163,846,1,4,2,18.0,R,18,0,0,,,,,31.0,
439,1163,857,1,81,3,19.0,R,19,0,0,,,,,31.0,
440,1163,4,117,14,6,20.0,R,20,0,0,,,,,31.0,
441,1165,846,1,4,1,1.0,1,1,8,24,3205.928,3205928.0,11.0,72.12,1.0,1.0
442,1165,863,131,12,2,2.0,2,2,7,24,0.845,3206773.0,10.0,72.138,1.0,2.0
443,1165,847,131,63,4,3.0,3,3,6,24,2.318,3208246.0,10.0,72.263,1.0,4.0
444,1165,830,9,1,6,4.0,4,4,5,24,4.423,3210351.0,12.0,72.617,1.0,5.0
445,1165,844,6,16,8,5.0,5,5,4,24,16.483,3222411.0,23.0,73.111,1.0,8.0
446,1165,4,117,14,5,6.0,6,6,3,24,18.306,3224234.0,11.0,73.226,1.0,11.0
447,1165,1,6,44,11,7.0,7,7,2,24,18.603,3224531.0,13.0,72.955,1.0,6.0
448,1165,842,214,10,13,8.0,8,8,1,24,19.366,3225294.0,13.0,73.155,1.0,9.0
449,1165,840,117,18,7,9.0,9,9,0,24,23.933,3229861.0,13.0,73.197,1.0,10.0
450,1165,865,215,6,9,10.0,10,10,0,24,29.548,3235476.0,12.0,73.444,1.0,13.0
451,1165,839,210,31,18,11.0,11,11,0,24,31.0,3236928.0,12.0,73.791,1.0,17.0
452,1165,860,210,87,15,12.0,12,12,0,24,36.334,3242262.0,12.0,73.757,1.0,16.0
453,1165,852,9,22,19,13.0,13,13,0,24,38.462,3244390.0,12.0,73.92099999999999,1.0,19.0
454,1165,832,3,55,20,14.0,14,14,0,24,38.951,3244879.0,22.0,73.712,1.0,15.0
455,1165,807,15,27,10,15.0,15,15,0,24,42.349,3248277.0,9.0,72.186,1.0,3.0
456,1165,859,215,30,17,16.0,16,16,0,24,43.09,3249018.0,13.0,73.896,1.0,18.0
457,1165,848,3,23,12,17.0,17,17,0,24,55.456,3261384.0,5.0,73.372,1.0,12.0
458,1165,864,15,5,14,18.0,18,18,0,23,-48.36,3157568.0,13.0,73.517,31.0,14.0
459,1165,857,1,81,3,19.0,R,19,0,5,,,5.0,72.992,31.0,7.0
460,1165,861,214,43,16,20.0,R,20,0,5,,,4.0,74.056,31.0,20.0
461,1167,857,1,81,1,1.0,1,1,8,19,1611.033,1611033.0,19.0,83.988,1.0,4.0
462,1167,847,131,63,2,2.0,2,2,7,19,4.951,1615984.0,16.0,84.564,1.0,8.0
463,1167,846,1,4,3,3.0,3,3,6,19,6.279,1617312.0,18.0,84.507,1.0,6.0
464,1167,830,9,1,6,4.0,4,4,5,19,9.054,1620087.0,17.0,84.541,1.0,7.0
465,1167,852,9,22,5,5.0,5,5,4,19,19.327,1630360.0,17.0,84.816,1.0,9.0
466,1167,863,131,12,7,6.0,6,6,3,19,21.391,1632424.0,19.0,84.464,1.0,5.0
467,1167,4,117,14,4,7.0,7,7,2,19,24.556,1635589.0,4.0,85.41499999999999,1.0,11.0
468,1167,832,3,55,8,8.0,8,8,1,19,27.333,1638366.0,5.0,85.463,1.0,12.0
469,1167,865,215,6,11,9.0,9,9,0,19,28.206,1639239.0,5.0,85.404,1.0,10.0
470,1167,848,3,23,10,10.0,10,10,0,19,28.925,1639958.0,16.0,85.509,1.0,13.0
471,1167,864,15,5,13,11.0,11,11,0,19,32.966,1643999.0,4.0,85.663,1.0,18.0
472,1167,860,210,87,12,12.0,12,12,0,19,34.529,1645562.0,5.0,85.593,1.0,15.0
473,1167,844,6,16,9,13.0,13,13,0,19,35.182,1646215.0,4.0,85.638,1.0,17.0
474,1167,859,215,30,16,14.0,14,14,0,19,36.916,1647949.0,5.0,85.62,1.0,16.0
475,1167,839,210,31,15,15.0,15,15,0,19,38.838,1649871.0,5.0,85.555,1.0,14.0
476,1167,807,15,27,14,16.0,16,16,0,19,39.638,1650671.0,5.0,85.678,1.0,19.0
477,1167,1,6,44,18,17.0,17,17,0,19,46.171,1657204.0,8.0,85.782,1.0,20.0
478,1167,842,214,10,19,18.0,18,18,0,19,69.534,1680567.0,19.0,83.188,1.0,1.0
479,1167,840,117,18,17,19.0,19,19,0,19,77.96000000000001,1688993.0,15.0,83.58500000000001,1.0,2.0
480,1167,861,214,43,20,20.0,20,20,0,19,80.804,1691837.0,19.0,83.765,1.0,3.0
481,1170,847,131,63,1,1.0,1,1,8,19,2018.998,2018998.0,18.0,95.101,1.0,4.0
482,1170,844,6,16,6,2.0,2,2,7,19,0.674,2019672.0,18.0,94.753,1.0,1.0
483,1170,1,6,44,4,3.0,3,3,6,19,2.554,2021552.0,18.0,94.926,1.0,3.0
484,1170,846,1,1,3,4.0,4,4,5,19,4.433,2023431.0,19.0,95.708,1.0,6.0
485,1170,863,131,12,2,5.0,5,5,4,19,5.688,2024686.0,18.0,94.75999999999999,1.0,2.0
486,1170,857,1,81,5,6.0,6,6,3,19,6.809,2025807.0,19.0,95.63499999999999,1.0,5.0
487,1170,859,215,30,13,7.0,7,7,2,19,10.9,2029898.0,19.0,97.882,1.0,13.0
488,1170,860,210,87,9,8.0,8,8,1,19,11.271,2030269.0,18.0,97.374,1.0,11.0
489,1170,830,9,3,8,9.0,9,9,0,19,11.619,2030617.0,19.0,95.774,1.0,7.0
490,1170,839,210,31,12,10.0,10,10,0,19,13.887,2032885.0,18.0,97.363,1.0,10.0
491,1170,842,214,10,7,11.0,11,11,0,19,14.78,2033778.0,17.0,98.34899999999999,1.0,17.0
492,1170,832,3,55,17,12.0,12,12,0,19,15.753,2034751.0,18.0,97.913,1.0,14.0
493,1170,864,217,5,14,13.0,13,13,0,19,15.858,2034856.0,18.0,97.8,1.0,12.0
494,1170,861,214,43,16,14.0,14,14,0,19,16.393,2035391.0,18.0,97.27799999999999,1.0,9.0
495,1170,865,9,6,10,15.0,15,15,0,19,16.43,2035428.0,18.0,96.912,1.0,8.0
496,1170,848,3,23,22,16.0,16,16,0,19,20.014,2039012.0,19.0,98.158,1.0,16.0
497,1170,4,117,14,18,17.0,17,17,0,19,21.599,2040597.0,19.0,98.487,1.0,19.0
498,1170,840,117,18,19,18.0,18,18,0,19,21.971,2040969.0,18.0,98.532,1.0,20.0
499,1170,815,216,11,21,19.0,19,19,0,19,28.241,2047239.0,18.0,98.862,1.0,21.0
500,1170,807,217,27,11,20.0,R,20,0,12,,,5.0,98.027,31.0,15.0
501,1170,822,216,77,20,21.0,R,21,0,12,,,9.0,99.262,31.0,22.0
502,1170,866,215,41,15,22.0,R,22,0,11,,,6.0,98.475,31.0,18.0
503,1172,846,1,1,1,1.0,1,1,8,19,1755.045,1755045.0,10.0,91.885,1.0,1.0
504,1172,857,1,81,3,2.0,2,2,7,19,3.766,1758811.0,16.0,92.07900000000001,1.0,4.0
505,1172,844,6,16,4,3.0,3,3,6,19,6.251,1761296.0,11.0,91.964,1.0,3.0
506,1172,847,131,63,6,4.0,4,4,5,19,12.951,1767996.0,10.0,92.387,1.0,6.0
507,1172,830,9,3,5,5.0,5,5,4,19,13.639,1768684.0,19.0,92.201,1.0,5.0
508,1172,863,131,12,2,6.0,6,6,3,19,13.777,1768822.0,11.0,91.932,1.0,2.0
509,1172,1,6,44,7,7.0,7,7,2,19,21.665,1776710.0,6.0,92.44800000000001,1.0,7.0
510,1172,842,214,10,10,8.0,8,8,1,19,30.525,1785570.0,10.0,93.072,1.0,8.0
511,1172,865,9,6,9,9.0,9,9,0,19,35.346,1790391.0,11.0,93.195,1.0,10.0
512,1172,861,214,43,8,10.0,10,10,0,19,36.97,1792015.0,6.0,93.13900000000001,1.0,9.0
513,1172,839,210,31,16,11.0,11,11,0,19,56.972,1812017.0,6.0,94.40899999999999,1.0,14.0
514,1172,860,210,87,13,12.0,12,12,0,19,57.365,1812410.0,6.0,94.524,1.0,15.0
515,1172,832,3,55,14,13.0,13,13,0,19,58.504,1813549.0,5.0,94.00800000000001,1.0,12.0
516,1172,859,215,30,15,14.0,14,14,0,19,59.358,1814403.0,10.0,94.20400000000001,1.0,13.0
517,1172,4,117,14,20,15.0,15,15,0,19,76.06700000000001,1831112.0,11.0,94.72,1.0,16.0
518,1172,815,216,11,17,16.0,16,16,0,19,76.691,1831736.0,6.0,95.015,1.0,18.0
519,1172,840,117,18,21,17.0,17,17,0,19,77.626,1832671.0,10.0,95.009,1.0,17.0
520,1172,848,3,23,18,18.0,18,18,0,19,88.173,1843218.0,18.0,93.473,1.0,11.0
521,1172,822,216,77,19,19.0,19,19,0,19,89.59700000000001,1844642.0,10.0,95.856,1.0,19.0
522,1172,807,217,27,12,20.0,W,20,0,0,,,,,,
523,1172,866,215,41,22,21.0,W,21,0,0,,,,,,
524,1172,864,217,5,11,22.0,D,22,0,19,,,,,2.0,
525,1173,847,131,63,1,1.0,1,1,8,23,1730.951,1730951.0,16.0,74.702,1.0,4.0
526,1173,846,1,1,3,2.0,2,2,7,23,1.272,1732223.0,11.0,74.596,1.0,2.0
527,1173,863,131,12,2,3.0,3,3,6,23,1.843,1732794.0,11.0,74.38,1.0,1.0
528,1173,857,1,81,4,4.0,4,4,5,23,9.797,1740748.0,17.0,74.793,1.0,6.0
529,1173,844,6,16,6,5.0,5,5,4,23,9.929,1740880.0,11.0,74.741,1.0,5.0
530,1173,1,6,44,5,6.0,6,6,3,23,10.545,1741496.0,12.0,74.695,1.0,3.0
531,1173,830,9,3,7,7.0,7,7,2,23,15.935,1746886.0,11.0,74.974,1.0,8.0
532,1173,866,215,41,9,8.0,8,8,1,23,29.71,1760661.0,14.0,75.653,1.0,10.0
533,1173,861,214,43,13,9.0,9,9,0,23,31.621,1762572.0,12.0,75.478,1.0,9.0
534,1173,832,3,55,10,10.0,10,10,0,23,36.793,1767744.0,17.0,75.943,1.0,12.0
535,1173,859,215,30,18,11.0,11,11,0,23,61.344,1792295.0,6.0,76.257,1.0,16.0
536,1173,864,217,5,12,12.0,12,12,0,23,61.814,1792765.0,9.0,75.98,1.0,13.0
537,1173,839,210,31,14,13.0,13,13,0,23,64.209,1795160.0,9.0,76.849,1.0,19.0
538,1173,815,216,11,16,14.0,14,14,0,23,70.402,1801353.0,9.0,76.64099999999999,1.0,18.0
539,1173,807,217,27,11,15.0,15,15,0,23,72.158,1803109.0,20.0,76.297,1.0,17.0
540,1173,840,117,18,17,16.0,16,16,0,22,13.127,1744078.0,17.0,77.12,11.0,20.0
541,1173,822,216,77,21,17.0,17,17,0,22,17.861,1748812.0,17.0,77.212,11.0,21.0
542,1173,860,210,87,19,18.0,18,18,0,22,23.846,1754797.0,22.0,76.21000000000001,11.0,15.0
543,1173,848,3,23,22,19.0,19,19,0,22,53.493,1784444.0,18.0,75.717,11.0,11.0
544,1173,842,214,10,20,20.0,20,20,0,22,68.477,1799428.0,12.0,76.15,11.0,14.0
545,1173,865,9,6,8,21.0,21,21,0,20,18.135,1749086.0,12.0,74.941,11.0,7.0
546,1173,4,117,14,15,22.0,R,22,0,15,,,8.0,77.543,31.0,22.0
